<?xml version="1.0" encoding="UTF-8"?>
<!DOCTYPE mapper PUBLIC "-//mybatis.org//DTD Mapper 3.0//EN" "http://mybatis.org/dtd/mybatis-3-mapper.dtd">
<mapper namespace="com.passer.api.dao.ChatListDao">
  <resultMap id="BaseResultMap" type="com.passer.api.model.ChatList">
    <id column="id" jdbcType="BIGINT" property="id" />
    <result column="user_id" jdbcType="VARCHAR" property="userId" />
    <result column="list_user_id" jdbcType="VARCHAR" property="listUserId" />
  </resultMap>
  <sql id="Base_Column_List">
    id, user_id, list_user_id
  </sql>
  <select id="selectByPrimaryKey" parameterType="java.lang.Long" resultMap="BaseResultMap">
    select 
    <include refid="Base_Column_List" />
    from chat_list
    where id = #{id,jdbcType=BIGINT}
  </select>
  <delete id="deleteByPrimaryKey" parameterType="java.lang.Long">
    delete from chat_list
    where id = #{id,jdbcType=BIGINT}
  </delete>
  <insert id="insert" keyColumn="id" keyProperty="id" parameterType="com.passer.api.model.ChatList" useGeneratedKeys="true">
    insert into chat_list (user_id, list_user_id)
    values (#{userId,jdbcType=VARCHAR}, #{listUserId,jdbcType=VARCHAR})
  </insert>
  <insert id="insertSelective" keyColumn="id" keyProperty="id" parameterType="com.passer.api.model.ChatList" useGeneratedKeys="true">
    insert into chat_list
    <trim prefix="(" suffix=")" suffixOverrides=",">
      <if test="userId != null">
        user_id,
      </if>
      <if test="listUserId != null">
        list_user_id,
      </if>
    </trim>
    <trim prefix="values (" suffix=")" suffixOverrides=",">
      <if test="userId != null">
        #{userId,jdbcType=VARCHAR},
      </if>
      <if test="listUserId != null">
        #{listUserId,jdbcType=VARCHAR},
      </if>
    </trim>
  </insert>
  <update id="updateByPrimaryKeySelective" parameterType="com.passer.api.model.ChatList">
    update chat_list
    <set>
      <if test="userId != null">
        user_id = #{userId,jdbcType=VARCHAR},
      </if>
      <if test="listUserId != null">
        list_user_id = #{listUserId,jdbcType=VARCHAR},
      </if>
    </set>
    where id = #{id,jdbcType=BIGINT}
  </update>
  <update id="updateByPrimaryKey" parameterType="com.passer.api.model.ChatList">
    update chat_list
    set user_id = #{userId,jdbcType=VARCHAR},
      list_user_id = #{listUserId,jdbcType=VARCHAR}
    where id = #{id,jdbcType=BIGINT}
  </update>
</mapper>