<?xml version="1.0" encoding="UTF-8"?>
<!DOCTYPE mapper PUBLIC "-//mybatis.org//DTD Mapper 3.0//EN" "http://mybatis.org/dtd/mybatis-3-mapper.dtd">
<mapper namespace="com.passer.api.dao.DiscussEventDao">
  <resultMap id="BaseResultMap" type="com.passer.api.model.DiscussEvent">
    <id column="id" jdbcType="BIGINT" property="id" />
    <result column="user_id" jdbcType="VARCHAR" property="userId" />
    <result column="title" jdbcType="VARCHAR" property="title" />
    <result column="content" jdbcType="VARCHAR" property="content" />
    <result column="create_time" jdbcType="TIMESTAMP" property="createTime" />
  </resultMap>
  <sql id="Base_Column_List">
    id, user_id, title, content, create_time
  </sql>
  <select id="selectById" resultMap="BaseResultMap">
    select 
    <include refid="Base_Column_List" />
    from discuss_event
    where id = #{id,jdbcType=BIGINT}
  </select>
  <select id="selectAll" resultMap="BaseResultMap">
    select
    <include refid="Base_Column_List" />
    from discuss_event
  </select>
  <select id="selectLimitNewEvents" resultMap="BaseResultMap">
    select
    <include refid="Base_Column_List" />
    from discuss_event
    order by create_time desc
    limit #{limit}
  </select>
  <delete id="deleteById">
    delete from discuss_event
    where id = #{id,jdbcType=BIGINT}
  </delete>
  <insert id="insert" keyColumn="id" keyProperty="id" parameterType="com.passer.api.model.DiscussEvent" useGeneratedKeys="true">
    insert into discuss_event
    <trim prefix="(" suffix=")" suffixOverrides=",">
      <if test="userId != null">
        user_id,
      </if>
      <if test="title != null">
        title,
      </if>
      <if test="content != null">
        content,
      </if>
      <if test="createTime != null">
        create_time,
      </if>
    </trim>
    <trim prefix="values (" suffix=")" suffixOverrides=",">
      <if test="userId != null">
        #{userId,jdbcType=VARCHAR},
      </if>
      <if test="title != null">
        #{title,jdbcType=VARCHAR},
      </if>
      <if test="content != null">
        #{content,jdbcType=VARCHAR},
      </if>
      <if test="createTime != null">
        #{createTime,jdbcType=TIMESTAMP},
      </if>
    </trim>
  </insert>
</mapper>