<?xml version="1.0" encoding="UTF-8"?>
<!DOCTYPE mapper PUBLIC "-//mybatis.org//DTD Mapper 3.0//EN" "http://mybatis.org/dtd/mybatis-3-mapper.dtd">
<mapper namespace="com.passer.api.dao.MatchRecordDao">
  <resultMap id="BaseResultMap" type="com.passer.api.model.MatchRecord">
    <id column="id" jdbcType="BIGINT" property="id" />
    <result column="user_id" jdbcType="VARCHAR" property="userId" />
    <result column="matched_user_id" jdbcType="VARCHAR" property="matchedUserId" />
    <result column="time" jdbcType="VARCHAR" property="time" />
    <result column="score" jdbcType="DECIMAL" property="score" />
  </resultMap>
  <sql id="Base_Column_List">
    id, user_id, matched_user_id, `time`, score
  </sql>
  <select id="selectByPrimaryKey" parameterType="java.lang.Long" resultMap="BaseResultMap">
    select 
    <include refid="Base_Column_List" />
    from match_record
    where id = #{id,jdbcType=BIGINT}
  </select>
  <delete id="deleteByPrimaryKey" parameterType="java.lang.Long">
    delete from match_record
    where id = #{id,jdbcType=BIGINT}
  </delete>
  <insert id="insert" keyColumn="id" keyProperty="id" parameterType="com.passer.api.model.MatchRecord" useGeneratedKeys="true">
    insert into match_record (user_id, matched_user_id, `time`, 
      score)
    values (#{userId,jdbcType=VARCHAR}, #{matchedUserId,jdbcType=VARCHAR}, #{time,jdbcType=VARCHAR}, 
      #{score,jdbcType=DECIMAL})
  </insert>
  <insert id="insertSelective" keyColumn="id" keyProperty="id" parameterType="com.passer.api.model.MatchRecord" useGeneratedKeys="true">
    insert into match_record
    <trim prefix="(" suffix=")" suffixOverrides=",">
      <if test="userId != null">
        user_id,
      </if>
      <if test="matchedUserId != null">
        matched_user_id,
      </if>
      <if test="time != null">
        `time`,
      </if>
      <if test="score != null">
        score,
      </if>
    </trim>
    <trim prefix="values (" suffix=")" suffixOverrides=",">
      <if test="userId != null">
        #{userId,jdbcType=VARCHAR},
      </if>
      <if test="matchedUserId != null">
        #{matchedUserId,jdbcType=VARCHAR},
      </if>
      <if test="time != null">
        #{time,jdbcType=VARCHAR},
      </if>
      <if test="score != null">
        #{score,jdbcType=DECIMAL},
      </if>
    </trim>
  </insert>
  <update id="updateByPrimaryKeySelective" parameterType="com.passer.api.model.MatchRecord">
    update match_record
    <set>
      <if test="userId != null">
        user_id = #{userId,jdbcType=VARCHAR},
      </if>
      <if test="matchedUserId != null">
        matched_user_id = #{matchedUserId,jdbcType=VARCHAR},
      </if>
      <if test="time != null">
        `time` = #{time,jdbcType=VARCHAR},
      </if>
      <if test="score != null">
        score = #{score,jdbcType=DECIMAL},
      </if>
    </set>
    where id = #{id,jdbcType=BIGINT}
  </update>
  <update id="updateByPrimaryKey" parameterType="com.passer.api.model.MatchRecord">
    update match_record
    set user_id = #{userId,jdbcType=VARCHAR},
      matched_user_id = #{matchedUserId,jdbcType=VARCHAR},
      `time` = #{time,jdbcType=VARCHAR},
      score = #{score,jdbcType=DECIMAL}
    where id = #{id,jdbcType=BIGINT}
  </update>
</mapper>