<?xml version="1.0" encoding="UTF-8"?>
<!DOCTYPE mapper PUBLIC "-//mybatis.org//DTD Mapper 3.0//EN" "http://mybatis.org/dtd/mybatis-3-mapper.dtd">
<mapper namespace="com.passer.api.dao.SongDao">
  <resultMap id="BaseResultMap" type="com.passer.api.model.Song">
    <id column="id" jdbcType="VARCHAR" property="id" />
    <result column="name" jdbcType="VARCHAR" property="name" />
    <result column="artist_id" jdbcType="VARCHAR" property="artistId" />
  </resultMap>
  <sql id="Base_Column_List">
    id, `name`, artist_id
  </sql>
  <select id="selectByPrimaryKey" parameterType="java.lang.String" resultMap="BaseResultMap">
    select 
    <include refid="Base_Column_List" />
    from song
    where id = #{id,jdbcType=VARCHAR}
  </select>
  <delete id="deleteByPrimaryKey" parameterType="java.lang.String">
    delete from song
    where id = #{id,jdbcType=VARCHAR}
  </delete>
  <insert id="insert" keyColumn="id" keyProperty="id" parameterType="com.passer.api.model.Song" useGeneratedKeys="true">
    insert into song (`name`, artist_id)
    values (#{name,jdbcType=VARCHAR}, #{artistId,jdbcType=VARCHAR})
  </insert>
  <insert id="insertSelective" keyColumn="id" keyProperty="id" parameterType="com.passer.api.model.Song" useGeneratedKeys="true">
    insert into song
    <trim prefix="(" suffix=")" suffixOverrides=",">
      <if test="name != null">
        `name`,
      </if>
      <if test="artistId != null">
        artist_id,
      </if>
    </trim>
    <trim prefix="values (" suffix=")" suffixOverrides=",">
      <if test="name != null">
        #{name,jdbcType=VARCHAR},
      </if>
      <if test="artistId != null">
        #{artistId,jdbcType=VARCHAR},
      </if>
    </trim>
  </insert>
  <update id="updateByPrimaryKeySelective" parameterType="com.passer.api.model.Song">
    update song
    <set>
      <if test="name != null">
        `name` = #{name,jdbcType=VARCHAR},
      </if>
      <if test="artistId != null">
        artist_id = #{artistId,jdbcType=VARCHAR},
      </if>
    </set>
    where id = #{id,jdbcType=VARCHAR}
  </update>
  <update id="updateByPrimaryKey" parameterType="com.passer.api.model.Song">
    update song
    set `name` = #{name,jdbcType=VARCHAR},
      artist_id = #{artistId,jdbcType=VARCHAR}
    where id = #{id,jdbcType=VARCHAR}
  </update>
</mapper>